{
  "issuerParameters": {
    "certificateTransparency": null,
    "name": "Self"
  },
  "keyProperties": {
    "curve": null,
    "exportable": true,
    "keySize": 2048,
    "keyType": "RSA",
    "reuseKey": true
  },
  "lifetimeActions": [
    {
      "action": {
        "actionType": "AutoRenew"
      },
      "trigger": {
        "daysBeforeExpiry": 90
      }
    }
  ],
  "secretProperties": {
    "contentType": "application/x-pkcs12"
  },
  "x509CertificateProperties": {
    "keyUsage": [
      "cRLSign",
      "dataEncipherment",
      "digitalSignature",
      "keyEncipherment",
      "keyAgreement",
      "keyCertSign"
    ],
    "subject": "CN=asdktestr6e7.onmicrosoft.com",
    "validityInMonths": 12
  }
}
